pair,lambda,beta,seed,block,domain,images,selected,coverage,student_audit_pre_ce,student_audit_post_ce,teacher_audit_pre_ce,teacher_audit_post_ce,hard_all_pre,hard_selected_pre,hard_unselected_pre,soft_all_pre,soft_selected_pre,soft_unselected_pre,true_all_pre,true_selected_pre,true_unselected_pre,hard_all_post,hard_selected_post,hard_unselected_post,soft_all_post,soft_selected_post,soft_unselected_post,true_all_post,true_selected_post,true_unselected_post
l07_b0002,0.7,0.002,202,1,gaussian_noise,6000,1714,0.2856666666666667,5.527081489562988,4.479026794433594,5.527081489562988,3.2197587490081787,3.5872992772822587,2.729719876827796,3.9302510020556936,3.764187937349211,2.767930645784014,4.162597876159931,4.563867848955673,3.6110341163867714,4.94491241676321,3.312511308426789,1.9552751843607303,3.8552790911260932,3.486248122364074,2.0138857551793437,4.075055657911122,4.353686247461529,3.164655500096997,4.829187577602173
l07_b0002,0.7,0.002,202,2,shot_noise,6000,1276,0.21266666666666667,4.390022277832031,3.9425549507141113,2.9367215633392334,2.5081276893615723,3.4259735882171154,2.1623079323286016,3.7673024148288303,3.7747370707584467,2.221298865916598,4.19433638265053,4.203518969753434,2.716021862636614,4.60530692671386,3.221658315971383,1.328673153939422,3.7329726823458116,3.565222883662403,1.4114578532361945,4.146976520161948,4.008913190294242,2.0530814926704313,4.537203039186707
l07_b0002,0.7,0.002,202,3,impulse_noise,6000,1976,0.3293333333333333,4.046128273010254,2.505478858947754,1.693772792816162,1.6095366477966309,3.0205623215690793,1.7206111601332938,3.6589081205246257,3.3462430677787234,1.7834082014345563,4.113678876898026,3.4062731526698613,1.9500074798834772,4.121377767338323,2.8018751351433973,1.1606537545354942,3.6078029303922095,3.1388829563902596,1.2395748536986793,4.071545185743778,3.197287479013625,1.4277078509135253,4.066246063786437
l07_b0002,0.7,0.002,202,4,defocus_blur,6000,2645,0.44083333333333335,2.7286217212677,1.9763944149017334,1.159343957901001,1.1396421194076538,2.2129689107108597,1.0388006082062606,3.1386545024022645,2.637215119390557,1.1131797612758005,3.838727346577896,2.645616530423802,1.2183689867293372,3.770823610325996,1.9943290924616859,0.6056282323516633,3.0891469091505117,2.428497040808629,0.6931442121880709,3.7966067969044204,2.4429231973384278,0.8231458794706735,3.719916045553096
l07_b0002,0.7,0.002,202,5,glass_blur,6000,1441,0.24016666666666667,3.1043365001678467,3.584847927093506,2.031728982925415,1.997234582901001,2.91450622453175,1.2578495892672443,3.4381390851187534,3.4911819503552235,1.3681689888871862,4.1622198265288235,3.425967105249168,1.6414420170730437,3.9900163818584646,2.737626309962058,0.6555912327127477,3.395711974870207,3.32493228811941,0.7920094649726619,4.125533689337761,3.2839200880846553,1.1748831198591605,3.9505404590460356
l07_b0002,0.7,0.002,202,6,motion_blur,6000,2618,0.43633333333333335,3.0546348094940186,2.1427478790283203,1.2646899223327637,1.2734836339950562,2.0751974871862737,0.7704804104747317,3.0851765844159638,2.556240113910735,0.8539469320978846,3.873982145249009,2.664295362915128,1.0204246419796577,3.9368126743903056,1.9132044877888572,0.42031896126382245,3.068844437062229,2.397126651425309,0.5148487614198313,3.8541945154212716,2.5111977395180713,0.6999881857568739,3.913251734712279
l07_b0002,0.7,0.002,202,7,zoom_blur,6000,2791,0.4651666666666667,2.09263014793396,1.9683258533477783,1.1802830696105957,1.1863834857940674,1.7448148170341629,0.6057331749178494,2.7355212249950944,2.2459105883932584,0.6891349140378614,3.5999027688625365,2.349531484072783,0.8719221739384885,3.6346694038561504,1.6017529795706904,0.3289127563188389,2.7087947567897364,2.109188407024911,0.42091641149024667,3.57754837571835,2.2176392980432142,0.6153296830927721,3.6112342295878332
l07_b0002,0.7,0.002,202,8,snow,6000,2044,0.3406666666666667,2.7706940174102783,2.7854764461517334,1.6463485956192017,1.6203765869140625,2.085271263866698,0.6056104971724975,2.849787595293124,2.8078425939584903,0.7230144098574596,3.8850389560167597,2.6373978471700235,0.9057294751382885,3.5321223548628593,1.9727571442927911,0.3030554125842513,2.835464510221066,2.6988773201708804,0.4326471895361986,3.869801078264227,2.5319794585345985,0.6335071612662294,3.512888805252634
l07_b0002,0.7,0.002,202,9,frost,6000,1999,0.33316666666666667,3.234311580657959,2.3744826316833496,1.812863826751709,1.80280339717865,2.159451620188197,0.6598488373630877,2.9086908011098154,2.8419084358393474,0.7848325173559169,3.869675184414299,2.7455056679832097,1.0632227512593861,3.586016427925956,2.031865922479567,0.32420549662850146,2.8850559227985575,2.7207215988944955,0.46166251121627777,3.849404207309581,2.6342891304058993,0.789967935843607,3.5557582801009793
l07_b0002,0.7,0.002,202,10,fog,6000,1803,0.3005,2.2477686405181885,2.6482627391815186,1.7327042818069458,1.6555181741714478,2.3341363983634196,0.8036816257162447,2.991608391473463,3.0004327129936375,0.929902789973626,3.8899169758492693,2.83233344458186,1.0740057464244055,3.587697952510829,2.1951136188518103,0.3796558987810013,2.9750207594969518,2.8705540988119433,0.5210164197964882,3.8798980195326656,2.7027149067220124,0.6968877755101354,3.564403331209744
l07_b0002,0.7,0.002,202,11,brightness,6000,2881,0.4801666666666667,2.5348000526428223,2.0589489936828613,1.342583179473877,1.3363529443740845,1.7191003244275445,0.6232214981714699,2.731356463716981,2.1881859359329314,0.7081134257556707,3.555319280537194,2.3349634928271694,0.9164775745235966,3.645209703353812,1.5837702902830761,0.36294405281452985,2.7114395400897076,2.058621284638755,0.4550338178087206,3.539844590806543,2.2125345633813573,0.6822426934741966,3.626055203715611
l07_b0002,0.7,0.002,202,12,contrast,6000,1432,0.23866666666666667,3.125485420227051,3.4824411869049072,2.4039113521575928,2.097104549407959,3.0829390004231616,1.2597089655630003,3.6544944754493742,3.757077086603293,1.3760157977073906,4.5035043558018355,3.5632840673750414,1.665489448329682,4.158214429562638,2.8741110549960127,0.6058951690094478,3.585162970217721,3.5640198553016895,0.745177600002717,4.447684940588058,3.3646554138250493,1.1024660398724409,4.073818107235762
l07_b0002,0.7,0.002,202,13,elastic_transform,6000,2164,0.3606666666666667,3.9299156665802,2.303948163986206,1.7476472854614258,1.7756084203720093,2.2446341626099238,0.9324213639171125,2.984891851966346,2.79959365064412,1.024909360973338,3.8007450591028182,2.980352551156026,1.2146432237924283,3.9764409203986806,2.058067985646574,0.49840488473993666,2.937919641111112,2.621924222903383,0.6041571688975448,3.760205741378,2.8032086579420636,0.8071520533496404,3.929242675756978
l07_b0002,0.7,0.002,202,14,pixelate,6000,985,0.16416666666666666,2.7783923149108887,4.344860553741455,2.126943349838257,2.0393521785736084,3.0280975361714413,1.2105897283467433,3.385075640001417,3.8596229220881337,1.339956181154618,4.354512601015253,3.6801841871335297,1.661564870138266,4.076662756872379,2.89711443202456,0.5531000174128058,3.3575041026910735,3.7279740134311243,0.7078474285603555,4.321159394507436,3.5638749377045533,1.1089440993245976,4.046049788313574
l07_b0002,0.7,0.002,202,15,jpeg_compression,6000,2058,0.343,4.216063976287842,2.7813148498535156,1.8522058725357056,1.869408369064331,2.1453764509851685,0.7313902412661417,2.8835762530150397,2.7996674619746535,0.8401183903515003,3.82268927562266,2.8444133705751757,1.007425744036346,3.8034495287225423,2.0171582381567745,0.41975149329436534,2.85111640176074,2.6810936775355336,0.5390428723083298,3.7993941740240125,2.7301058540851018,0.7330062665636072,3.7727316661397006
l07_b0002,0.7,0.002,303,1,gaussian_noise,6000,1573,0.26216666666666666,5.527081489562988,4.23386287689209,5.527081489562988,3.092097043991089,3.7029538701147224,2.9259794116852156,3.97902814685057,3.8773870185430237,2.9581465388583537,4.20401120524824,4.506375705357881,3.5861604224823056,4.833346258771763,3.425689860232674,2.0833241490935404,3.902658747429839,3.601303920658606,2.142390816636657,4.1196843843194415,4.292089703674696,3.076713426605574,4.72393675220185
l07_b0002,0.7,0.002,303,2,shot_noise,6000,1207,0.20116666666666666,4.139256477355957,3.672462224960327,2.7672441005706787,2.310173988342285,3.5244279012740054,2.039310319345672,3.8984184961806427,3.8736708839164202,2.1105868073730067,4.317660552263568,4.0417751253662715,2.3893215765608433,4.457905197014127,3.308956099206984,1.2001315684874647,3.8400120576001524,3.6640991710904043,1.299163092206846,4.259650568380713,3.8392586757560547,1.7172283185460508,4.373640199050958
l07_b0002,0.7,0.002,303,3,impulse_noise,6000,2027,0.3378333333333333,3.624936103820801,2.6195223331451416,1.515482783317566,1.4404617547988892,2.974158996857917,1.633288795977994,3.658262670953967,3.293178950089372,1.6939262467630753,4.1091077770821745,3.22629094389964,1.7748027383453115,3.9668312390566047,2.7483791908830337,1.0700630637377282,3.6046456871638144,3.077012729664631,1.1472441933696116,4.061568688151919,3.0108789929009276,1.2437760557414108,3.9124439699012683
l07_b0002,0.7,0.002,303,4,defocus_blur,6000,2570,0.42833333333333334,3.0373685359954834,2.097292184829712,1.1823917627334595,1.151819109916687,2.1874746005821204,0.9066878235907965,3.147131165266581,2.6304280961799913,0.9888516912820821,3.860413915593292,2.5783689725710315,1.0790913339521269,3.7017344335770357,2.0101093748916092,0.5206110779036013,3.126147457474461,2.4577128148164245,0.6146486590088545,3.838667590450666,2.4099592609301053,0.7190695793117313,3.6768940952622393
l07_b0002,0.7,0.002,303,5,glass_blur,6000,1377,0.2295,3.2092785835266113,3.265277624130249,2.0108563899993896,1.9657917022705078,3.08358655790623,1.3548120154254937,3.5985168077431267,3.6401053837311315,1.4615102875175827,4.289018524004991,3.474762515524589,1.6466007682364674,4.019296092426112,2.900887005390974,0.7087809895483483,3.553824488370704,3.471794421396825,0.841290515544918,4.255312456949079,3.3250232015379266,1.1256977433150401,3.9801110570371496
l07_b0002,0.7,0.002,303,6,motion_blur,6000,2545,0.4241666666666667,2.893751382827759,2.042666435241699,1.2755675315856934,1.2621511220932007,2.1142496477917185,0.8602857722724074,3.03793649676325,2.5963683735730787,0.9374961805313556,3.81831619739108,2.598522296446364,1.0626420227892,3.7298725993284116,1.9382673486811828,0.5018954254698109,2.9963184469656796,2.429274080525481,0.5903342126284543,3.7838622031876903,2.427634748417024,0.7237011249702585,3.68277543486334
l07_b0002,0.7,0.002,303,7,zoom_blur,6000,2728,0.45466666666666666,1.9974853992462158,2.1089975833892822,1.1669188737869263,1.1709729433059692,1.7482155667514094,0.5369084564676608,2.758131763833948,2.296041302119612,0.6218150017532073,3.6919121295644612,2.3352683228301054,0.7552185820330848,3.652620307210998,1.6114181076232883,0.2678741243454506,2.731585585123882,2.16787942080062,0.3620600990541129,3.6734647232836504,2.210763874829956,0.5082045534322127,3.630257098782597
l07_b0002,0.7,0.002,303,8,snow,6000,2007,0.3345,3.192903995513916,2.569462299346924,1.7004669904708862,1.6689836978912354,2.2550688741623155,0.7254681930028194,3.0238914554513476,2.935432548035101,0.8419330575602006,3.98768736330761,2.7968077061077,1.0093283063822225,3.6952477650230597,2.129248565770088,0.36723739039988984,3.0148875412191223,2.8135250506035434,0.49768459762746486,3.9775350153225486,2.6787117686419353,0.6870489397401371,3.6797804632589948
l07_b0002,0.7,0.002,303,9,frost,6000,1922,0.32033333333333336,2.441563129425049,2.7875444889068604,1.8702280521392822,1.8397635221481323,2.1469591350432005,0.6501777320238986,2.8524063779571507,2.8690661332839524,0.7769979794637393,3.855077656492007,2.706038931677271,1.0081906023234983,3.5062509201564147,2.031208859272996,0.34122564667889677,2.8277139437766423,2.7579881355418503,0.4803664249872036,3.8314528063819764,2.609951036273111,0.7640304129097949,3.479950898486033
l07_b0002,0.7,0.002,303,10,fog,6000,1770,0.295,2.8616015911102295,2.4192466735839844,1.775660753250122,1.6777602434158325,2.296835666898565,0.77966542298555,2.9316799533586204,3.025812516449853,0.9165129523047454,3.9084272276878798,2.743506836100951,1.0168559121502774,3.466006158888822,2.1631389857016803,0.3819721041690428,2.9084499503146284,2.9031482938306925,0.5350215194440981,3.8940665894960063,2.610904803687395,0.6681896860191558,3.423813966399638
l07_b0002,0.7,0.002,303,11,brightness,6000,2867,0.47783333333333333,2.593731164932251,1.9964721202850342,1.2993379831314087,1.2985033988952637,1.6195034989436532,0.5876111695531813,2.563785435861137,2.150669276481481,0.6735068674957677,3.502416683619061,2.2668079004332484,0.860002466177487,3.5541718263864146,1.4862960653138437,0.33552036970618965,2.5393678557087194,2.0230593005203117,0.429222874099232,3.4815747919180873,2.141853615527551,0.6245596568831014,3.530325297440617
l07_b0002,0.7,0.002,303,12,contrast,6000,1343,0.22383333333333333,2.4786572456359863,3.6793575286865234,2.2905588150024414,2.088179588317871,3.3043354255505935,1.3020561454715955,3.8817588898293343,3.9368894358686313,1.4244626890207206,4.661430797478412,3.5830833392421666,1.5843882272381522,4.159473190094947,3.1289744519108056,0.6604372577403047,3.8408588091732034,3.7788452618881094,0.8059640581469788,4.636173897624494,3.41413039310791,1.000433168251646,4.110199831154285
l07_b0002,0.7,0.002,303,13,elastic_transform,6000,2094,0.349,4.364898204803467,2.9983932971954346,1.7698243856430054,1.825620174407959,2.3667402019681023,0.9276948423406751,3.138209987697707,2.957012611984241,1.0257189847837334,3.9923758622038665,3.0557300439960704,1.1625171448574563,4.070678280247035,2.196593734335231,0.49603758806875764,3.1082590109051207,2.792413347513322,0.6070031183596465,3.9640080786571517,2.897226948914658,0.767021106202945,4.039226701766254
l07_b0002,0.7,0.002,303,14,pixelate,6000,956,0.15933333333333333,3.2665748596191406,3.777862310409546,2.2279179096221924,2.0653316974639893,2.958612028967146,1.1414770256087436,3.3030174736956632,3.9001569977557713,1.2687820785569066,4.398887057778393,3.5493640809431897,1.551477437737454,3.92802776668956,2.8341778382187575,0.5253886864411822,3.2717675347095097,3.7661897428553752,0.677042931980667,4.351682278778496,3.4208939516778436,1.0190433075262173,3.8761217898635985
l07_b0002,0.7,0.002,303,15,jpeg_compression,6000,2020,0.33666666666666667,4.0728302001953125,2.6327662467956543,1.9176069498062134,1.9290226697921753,2.2753121676589614,0.7142832106984395,3.067593196066059,2.9147479707595254,0.8313865844185984,3.972132392972761,2.950266565473619,1.0469234775558165,3.9162849166278817,2.145355658248267,0.3856568440938576,3.038469126738696,2.793768948668448,0.5150192390686401,3.950320308817095,2.8321574001821825,0.7563671114232801,3.885699205029667
l07_b0002,0.7,0.002,404,1,gaussian_noise,6000,1665,0.2775,5.527081489562988,4.352935791015625,5.527081489562988,3.5393173694610596,3.6914726314622257,2.840646117053619,4.018260669868298,3.825705447993124,2.8776353800744157,4.189843086536293,4.65541919412025,3.7390836864735078,5.007368126122978,3.3743581920378487,2.0676535843454884,3.8762412766532526,3.5196132888122342,2.1225532206230606,4.056200373826068,4.475821654020013,3.326121654358699,4.917401930706536
l07_b0002,0.7,0.002,404,2,shot_noise,6000,1216,0.20266666666666666,4.3117570877075195,3.844831943511963,3.163332939147949,2.729255437850952,3.5427217205326107,2.227599940823436,3.877000166211197,3.8575855672590156,2.283125168594937,4.257782859227144,4.252140614800097,2.6319503892584493,4.663961541693625,3.335497183816699,1.4182384305288895,3.8228271679299892,3.657965279181245,1.4977491765907778,4.207050308602231,4.0866062757742645,2.0323791894018526,4.608750953246848
l07_b0002,0.7,0.002,404,3,impulse_noise,6000,1870,0.31166666666666665,4.006134033203125,2.513756275177002,1.764190435409546,1.5983471870422363,3.1304016857715995,1.8445414841431602,3.7126192589060247,3.4509111327712767,1.905199033528126,4.150785618385004,3.412772646367462,1.9973640010923797,4.0536477472547245,2.9008070759546736,1.2723512592050934,3.638146634628214,3.2276357935329645,1.3473174364562428,4.079014807512013,3.187984267638463,1.4581157076414393,3.9712419449252523
l07_b0002,0.7,0.002,404,4,defocus_blur,6000,2571,0.4285,2.6035189628601074,1.8181360960006714,1.1451365947723389,1.125026822090149,2.2212799036142226,0.9509957454567746,3.1737151823027046,2.6558843078872822,1.030331730754183,3.874693195554009,2.5552721774784812,1.1199312946562632,3.6314638980197262,2.0134618543994294,0.5370022987966274,3.1204835859406383,2.4603370318317945,0.6296964801087197,3.832917043053735,2.362660108231159,0.734827365527419,3.583178621351985
l07_b0002,0.7,0.002,404,5,glass_blur,6000,1367,0.22783333333333333,3.1538329124450684,3.5726325511932373,2.102186441421509,2.0584189891815186,3.0350360121360507,1.2881927595331986,3.550454688222408,3.612412381350155,1.3876766045713025,4.268836686736878,3.5824836736152488,1.6901925124377069,4.140817802112916,2.8571613647207768,0.6173503306937681,3.518033733275691,3.445390553142098,0.7455334520420865,4.242002825363923,3.4362292843939026,1.1505122606227431,4.110646545670652
l07_b0002,0.7,0.002,404,6,motion_blur,6000,2481,0.4135,3.1098082065582275,2.2364883422851562,1.2679319381713867,1.2634360790252686,2.129678487813966,0.854674730574851,3.02859418025791,2.5977985617258423,0.9326542002092216,3.771775021209427,2.620421176444829,1.066990174446527,3.7156363841622997,1.9709838783276854,0.5056977592898977,3.004054313489023,2.4442108145253596,0.5935498137903007,3.7489820401075367,2.464174633686156,0.7352865044525398,3.6830923513981757
l07_b0002,0.7,0.002,404,7,zoom_blur,6000,2719,0.45316666666666666,2.2128961086273193,1.9665741920471191,1.1630998849868774,1.1640375852584839,1.7287715298555675,0.4920518089923552,2.7536544682972246,2.2965651360932697,0.5806699268563972,3.7185459571585113,2.3010551690495062,0.7189199376025758,3.6121876574079974,1.5913550701372887,0.23704546887042716,2.7136860076089726,2.1710042094387823,0.3346464376024298,3.69281365217668,2.17240459162108,0.47352665331375093,3.5802830171796387
l07_b0002,0.7,0.002,404,8,snow,6000,1920,0.32,2.883779287338257,2.4858858585357666,1.776064157485962,1.742855429649353,2.2633405384955902,0.7442804615381554,2.978192339416736,2.9764938092814948,0.8585220498803295,3.9731864019408665,2.743148728999524,0.9995264125638246,3.563676877910442,2.1309811119504727,0.36759344731979654,2.960810601188438,2.8507927801922754,0.4966107218509826,3.9586431605881756,2.617932470660112,0.6610649314466301,3.538811312642927
l07_b0002,0.7,0.002,404,9,frost,6000,1940,0.3233333333333333,2.797055959701538,2.714855194091797,1.9174506664276123,1.8215556144714355,2.24244053018349,0.6294792136889571,3.0131658883114194,2.9319027141502065,0.7572481769335268,3.9710233550862535,2.7339936120541135,0.9706699129944575,3.576567005200844,2.1226287003066187,0.3009087017982441,2.9931057439288464,2.8205073475643676,0.4429224298972912,3.9565947220161215,2.627202650869322,0.6967229335890769,3.549648624151015
l07_b0002,0.7,0.002,404,10,fog,6000,1762,0.2936666666666667,2.6055991649627686,2.471356153488159,1.7271389961242676,1.6719231605529785,2.4556584723407178,0.7827503745369248,3.151190343112375,3.129543131439274,0.9121902687601112,4.051434529278039,2.88812370118585,1.040973903376429,3.656098676112749,2.317109567746782,0.3568759132748796,3.132100530271436,3.0000190893786987,0.5045615957937564,4.0375358670324655,2.757668876591749,0.663542025188849,3.628327562805035
l07_b0002,0.7,0.002,404,11,brightness,6000,2880,0.48,2.432554244995117,2.026118278503418,1.3066067695617676,1.3081979751586914,1.6816438665272417,0.6260302828263359,2.6560564053280795,2.177322119798349,0.7073534665820996,3.534216261228734,2.3029360924292104,0.8361821399510807,3.656862817793639,1.5319881311569643,0.3527361851452106,2.6205283890139683,2.035563942307572,0.44188763190576025,3.5066497672938577,2.1685704786020965,0.5838788055305247,3.631362792206623
l07_b0002,0.7,0.002,404,12,contrast,6000,1481,0.24683333333333332,2.7001068592071533,2.9153294563293457,2.3231208324432373,2.0618057250976562,2.9966644581291773,1.2484343540157519,3.5696073180964243,3.66686067893159,1.3666396624716541,4.420706070694625,3.4759586354349863,1.6088418025548736,4.087863930742674,2.810138400480731,0.6489596451393546,3.5184158372279275,3.493268108938782,0.792524992254658,4.378375556561971,3.2981475290670437,1.0862403810672427,4.023050048692559
l07_b0002,0.7,0.002,404,13,elastic_transform,6000,2133,0.3555,4.583366870880127,2.552344799041748,1.6984761953353882,1.7310683727264404,2.397604176889787,0.9668917995125892,3.1867713609977684,2.93323786752478,1.057256186054651,3.968011316341895,3.0197289023169165,1.1540929058182219,4.048795770827834,2.2116503202295688,0.5269761074388108,3.1409004096742787,2.756581295115052,0.6298186688062226,3.9296831006275266,2.851958531207232,0.7526468558871392,4.009918656228636
l07_b0002,0.7,0.002,404,14,pixelate,6000,1037,0.17283333333333334,3.231400728225708,3.755354166030884,2.1763916015625,2.1118392944335938,2.829900849716291,1.1197682435332368,3.187226562513355,3.713641260876125,1.2704785760602473,4.224130824477589,3.5772161096615593,1.6451350868655286,3.9809171011262956,2.6894863226510446,0.4864419512774363,3.14980407665355,3.582474931771916,0.6597215028795896,4.1931731598116775,3.4563187503053445,1.1357595571635957,3.941190779982553
l07_b0002,0.7,0.002,404,15,jpeg_compression,6000,2100,0.35,3.9796011447906494,2.7765052318573,1.8874804973602295,1.8906338214874268,2.1975264462715676,0.7253798655447428,2.990220758970627,2.8142617374665946,0.8351338553345737,3.8799459816915296,2.8433161309521298,1.0109637786581327,3.8299673975719735,2.063730426433716,0.38368108365698117,2.9683723802365733,2.6877520657183034,0.5048694120665232,3.863150417684648,2.7169536153521103,0.6954135449959326,3.8054751916977447
l07_b0002,0.7,0.002,505,1,gaussian_noise,6000,1737,0.2895,5.527081489562988,4.457209587097168,5.527081489562988,3.5602405071258545,3.359913980816852,2.4818416527075438,3.7176929237973497,3.5246974203302113,2.5189578984952568,3.9344955787696456,4.420759547373367,3.4664637926083732,4.8095964523761365,3.056377416934592,1.6908264014310888,3.612784199465576,3.2302306758885275,1.7510813181223344,3.832924186195797,4.217387387239614,3.043043466314645,4.6958850158219905
l07_b0002,0.7,0.002,505,2,shot_noise,6000,1447,0.24116666666666667,4.407654762268066,3.8211052417755127,3.2448134422302246,2.7545979022979736,3.1446540462353068,1.7480042496895398,3.5885267138394625,3.5151999154859563,1.8179256425398214,4.054614778862422,3.9910363116120084,2.4975823454303727,4.4656745477343085,2.942215374877412,1.026475773228725,3.551061235537557,3.323302471476222,1.1177030035751812,4.024269400984856,3.831790582224831,1.9786218136382914,4.420750654297026
l07_b0002,0.7,0.002,505,3,impulse_noise,6000,2228,0.37133333333333335,4.083115100860596,2.9842262268066406,1.5867328643798828,1.49320650100708,2.835389571316295,1.5784435749407282,3.5778274504055756,3.1463597913079613,1.642143586806359,4.034852289619089,3.1728244443044025,1.789299774410914,3.9900283055246284,2.5997783763744766,1.0261598722214251,3.529264597809523,2.916671793806977,1.1037980074122413,3.98747847357566,2.9505323811140114,1.285637509468131,3.933932639339627
l07_b0002,0.7,0.002,505,4,defocus_blur,6000,2791,0.4651666666666667,2.566955327987671,1.7551718950271606,1.1204111576080322,1.0853488445281982,2.0100137158450444,0.8884447493734051,2.9854886256058246,2.4278228686931693,0.9639644130857479,3.70100110166304,2.4082112644545037,1.0759142332458205,3.566965086238061,1.8038667284345036,0.5062642659847162,2.9324452490631607,2.2332962785126904,0.5934731818453056,3.6595182363807677,2.215821170152097,0.717097320296912,3.5193232782685877
l07_b0002,0.7,0.002,505,5,glass_blur,6000,1475,0.24583333333333332,3.0967040061950684,3.2804033756256104,2.129950761795044,2.0433249473571777,3.0539622571151277,1.464502489100634,3.572073452213777,3.5986489067663907,1.5625512198649056,4.262349257745329,3.527830870912368,1.836445966545868,4.079166281727971,2.856101367903795,0.7810204294925386,3.5325089666124394,3.4031631965325833,0.9051281406574027,4.217439816955985,3.342034295309257,1.2634384981797018,4.019587621445413
l07_b0002,0.7,0.002,505,6,motion_blur,6000,2704,0.45066666666666666,2.765213966369629,2.3580780029296875,1.2259986400604248,1.2380917072296143,2.0878985395240455,0.9046367090585912,3.058632759663183,2.538923332358073,0.9769221054576437,3.820370940834642,2.6196144458681667,1.132392537604235,3.8397139725507166,1.9058545048516446,0.5470974055499627,3.020562998938949,2.364536475475356,0.6298749242350936,3.7876326024637272,2.4479103303253082,0.7954928884093107,3.8035343482078505
l07_b0002,0.7,0.002,505,7,zoom_blur,6000,2866,0.4776666666666667,2.3903841972351074,2.03584885597229,1.1574149131774902,1.16094970703125,1.696275977497516,0.5234018734827899,2.7688532532174315,2.209806018558285,0.6146473459421992,3.668556738315048,2.27953098993025,0.7441351505613231,3.683629418657549,1.5691400463192902,0.273704252249032,2.7537983059891555,2.0855918160242775,0.3730115588037992,3.651722963820668,2.162168447774046,0.519840620238155,3.6640547125212892
l07_b0002,0.7,0.002,505,8,snow,6000,2112,0.352,2.9629251956939697,2.507472038269043,1.6032288074493408,1.5812755823135376,2.1674706559136574,0.7051277213606809,2.9618297808560143,2.852762807839237,0.8208151916564704,3.9565368215681485,2.675511707375484,0.9432397466058021,3.6164989453244476,2.0264734264240905,0.34410918944196417,2.940350295895863,2.718484501998001,0.4731621411774918,3.9381657844190188,2.542182040092892,0.6097013961012814,3.591924612137717
l07_b0002,0.7,0.002,505,9,frost,6000,2081,0.3468333333333333,3.0788936614990234,2.88960862159729,1.834756851196289,1.8126140832901,2.1045456549946455,0.599846711759883,2.903545017299198,2.815693225400927,0.7253057516561036,3.925694841339426,2.630037675705173,0.996096612649188,3.4976649663965476,1.9805765109056175,0.2712237716022407,2.888247613352754,2.6995214164323786,0.41036960789293325,3.915067452046206,2.523982424469838,0.7261441655930151,3.478639586175036
l07_b0002,0.7,0.002,505,10,fog,6000,1850,0.30833333333333335,2.5586235523223877,2.7825794219970703,1.7122219800949097,1.6309573650360107,2.3889318893541978,0.8625770282639322,3.0693551406835935,2.997543166346613,0.9796998654777135,3.897063673962871,2.782092296896372,1.1133137913465787,3.526005606599291,2.2266704430262685,0.4172643081220995,3.033273177863066,2.8463064367050985,0.5518299409586325,3.869145356495691,2.640520374098246,0.716295322811218,3.4983074451539093
l07_b0002,0.7,0.002,505,11,brightness,6000,2988,0.498,3.091675043106079,2.1503031253814697,1.374269962310791,1.3795969486236572,1.6427643584221023,0.6172977432975282,2.6600599248205845,2.130346880658019,0.7042080846925866,3.545122020878707,2.348953728926373,0.9016264253626476,3.7847485440154833,1.5054640674489512,0.36657557932427687,2.6352777469033106,1.9988814454267698,0.4608412892857358,3.5246663015188724,2.223074377605781,0.6788777402987343,3.7549666592370765
l07_b0002,0.7,0.002,505,12,contrast,6000,1386,0.231,2.7651820182800293,2.938157320022583,2.2705681324005127,2.0230093002319336,2.9517181463676407,1.222741806547818,3.4710855514370533,3.586850292292233,1.323734002282593,4.26666805951229,3.4097959539335583,1.4907262747837058,3.986265519451914,2.7989899648147865,0.6200653877258018,3.4535173735372235,3.4459912526234207,0.7405639295314385,4.2586748828370045,3.272013512731149,0.9551627091518695,3.9679725967712174
l07_b0002,0.7,0.002,505,13,elastic_transform,6000,2237,0.37283333333333335,4.066670894622803,2.5475897789001465,1.7596609592437744,1.7815381288528442,2.1511182578047054,0.87042644821326,2.912454313626142,2.7294552824091887,0.9690115410740391,3.7759906662430263,2.863410274251491,1.131383960999646,3.893052278701231,1.972966773252671,0.4793416914767868,2.8608858027325157,2.5583156613172124,0.5892767636725278,3.7288551282401894,2.6968544585418113,0.7761697271400027,3.8386487035978436
l07_b0002,0.7,0.002,505,14,pixelate,6000,989,0.16483333333333333,3.078714609146118,4.078044414520264,2.2443432807922363,2.1079885959625244,2.9544372425123795,1.086909879845785,3.3230232655970466,3.7831319811564312,1.2222504059830837,4.288562409782742,3.6416799404001243,1.5568042653704437,4.053163086000674,2.837480566047653,0.45090723437849556,3.3085085095760496,3.666452344869698,0.610964343565783,4.269501164125249,3.5530256865717664,1.065008335611318,4.0440752096409875
l07_b0002,0.7,0.002,505,15,jpeg_compression,6000,2081,0.3468333333333333,4.227141380310059,2.635681390762329,1.8994539976119995,1.884894847869873,2.152781790194056,0.7259182349247851,2.910450343017568,2.776458448762681,0.8445888901152556,3.802286606850278,2.8021934443782395,1.0081742022957543,3.7548226974462797,2.0298619305357417,0.4164593742661417,2.886583216475278,2.661379019382969,0.5454020598807735,3.784968724084186,2.6882989646156243,0.7274516871876185,3.729514372711487
l07_b0002,0.7,0.002,606,1,gaussian_noise,6000,1714,0.2856666666666667,5.527081489562988,4.7169880867004395,5.527081489562988,3.4874327182769775,3.4518355636041265,2.633870024914001,3.7789454407191228,3.6031355284367104,2.6687860999580613,3.976788099694858,4.415001359986752,3.4301290282995995,4.808858377371673,3.1947055670659057,1.8708596729027873,3.7241203740177458,3.347435542568046,1.9286857771970856,3.9148030408988483,4.252685835523889,3.054333489473802,4.7319149351808765
l07_b0002,0.7,0.002,606,2,shot_noise,6000,1425,0.2375,4.644741058349609,3.5783145427703857,3.1270041465759277,2.509404420852661,3.2751188913690026,1.9330673019666438,3.6931349601992456,3.571738218823334,1.9914721070171557,4.063952253648208,3.928572702252223,2.4274038444067325,4.396149887482785,3.0544908466154777,1.203236311800173,3.6311111115579484,3.3651858291946986,1.2855323623783874,4.012946745088304,3.741006979516745,1.8618063578551234,4.3263317633129885
l07_b0002,0.7,0.002,606,3,impulse_noise,6000,2293,0.38216666666666665,3.7853612899780273,2.373863697052002,1.4905989170074463,1.3573253154754639,2.760845918628194,1.5673916144164175,3.499068394904862,3.0880584649064997,1.6245017168975127,3.993355368921773,3.0649448173439606,1.7559691984634582,3.8746240981891185,2.514521859593027,1.015178950500137,3.441954632873307,2.8471108594996712,1.0867153469212778,3.9360201959826115,2.8275028249017953,1.2439269787081575,3.8070386801275866
l07_b0002,0.7,0.002,606,4,defocus_blur,6000,2746,0.45766666666666667,2.672367572784424,2.20186185836792,1.1066094636917114,1.0633972883224487,2.0508149131096087,0.8378909076338689,3.0743826202504745,2.483878304420445,0.9185725569065081,3.804815484098772,2.436134921871945,1.028992775092547,3.623600298348964,1.8531767300374118,0.4562653121309271,3.0320085535073598,2.2973651905260395,0.5500452697446327,3.771901300687606,2.2499708215802063,0.6725775961933815,3.5811084358740652
l07_b0002,0.7,0.002,606,5,glass_blur,6000,1557,0.2595,3.7184488773345947,3.165165662765503,1.9848297834396362,1.9451693296432495,2.931158467704664,1.381899108288368,3.474079202030832,3.478846099687152,1.4779774362076217,4.180028298435211,3.5397820348229727,1.7169918395691244,4.178558612362977,2.732671321612483,0.710182049582594,3.441430222479138,3.2811691035372816,0.828111846049034,4.140815772434245,3.357842329926568,1.1672770110644366,4.125501614524443
l07_b0002,0.7,0.002,606,6,motion_blur,6000,2689,0.44816666666666666,3.014734983444214,1.7252801656723022,1.191403865814209,1.1861919164657593,2.084503777570564,0.9270326121364836,3.0245339690088757,2.5201149644731915,1.0027265406467507,3.7524488429598417,2.5249965907973695,1.1179145231962728,3.667746116553745,1.9015274943953742,0.5633855713612835,2.988287878278997,2.345289331745877,0.6490343710079035,3.7228881204575694,2.351238244431859,0.773734139174115,3.63239455341346
l07_b0002,0.7,0.002,606,7,zoom_blur,6000,2870,0.47833333333333333,1.8231624364852905,1.767824411392212,1.0972362756729126,1.1020371913909912,1.6914965998715237,0.6043705101771916,2.688318285949076,2.18439897163275,0.6856806566463005,3.5586231134893325,2.309345203953965,0.8110727009913097,3.6831605660954416,1.5536033094264254,0.3290837653005756,2.6764055751264864,2.0517039743904824,0.4196781223474574,3.5481621837717863,2.1800826439929346,0.5634132065889904,3.662460051452783
l07_b0002,0.7,0.002,606,8,snow,6000,2043,0.3405,3.0656135082244873,3.044426441192627,1.6497570276260376,1.6038353443145752,2.1661908051726404,0.6444277147610109,2.951877434869624,2.8711112183001113,0.7689224157721604,3.9564717751776963,2.6910040361691263,0.8799272187099179,3.626063408943745,2.0392446031642395,0.29680230117823625,2.9388679599894596,2.7497151703786464,0.43540282879587383,3.944595158716682,2.578754391848553,0.5758991535517414,3.6128290069206743
l07_b0002,0.7,0.002,606,9,frost,6000,2053,0.3421666666666667,3.805434465408325,2.4452290534973145,1.7707810401916504,1.7589855194091797,2.156026152305875,0.7127101958351227,2.906755227206928,2.8313215647316023,0.8322348177295362,3.8711303034180062,2.7027333875158286,1.0628281438815528,3.555716783812046,2.0233767541689978,0.3588809861540053,2.8891507120445428,2.701010232162229,0.49134464765041613,3.850349843259961,2.5821082230388366,0.7738756384984748,3.5226457188739917
l07_b0002,0.7,0.002,606,10,fog,6000,1803,0.3005,2.3455708026885986,2.332688570022583,1.7098292112350464,1.6380867958068848,2.5412513027044317,0.9800437939963041,3.211934442614069,3.153743856746898,1.0945701378293862,4.038349578740768,2.9403243169884288,1.2086209892389541,3.6842511933125417,2.3716914675701526,0.47947933503407864,3.184571733227179,2.9925074782980876,0.611934650832067,4.015183868081563,2.780865432102788,0.7587861564393382,3.6495356570304027
l07_b0002,0.7,0.002,606,11,brightness,6000,2978,0.49633333333333335,2.500427484512329,1.7538714408874512,1.2416149377822876,1.2510972023010254,1.5868290217477339,0.5780955820761111,2.5808754093526614,2.070381690613563,0.6680849928927789,3.452261096904926,2.214630590670941,0.8509239489662503,3.5584818080754976,1.4490193005840701,0.3354765937021822,2.546348943566951,1.9429929829195356,0.43270319729811113,3.431293109187109,2.087330330889993,0.6292829434613741,3.524148702750491
l07_b0002,0.7,0.002,606,12,contrast,6000,1386,0.231,2.5511815547943115,3.1730048656463623,2.254997968673706,2.0482072830200195,2.7588235371365597,0.9943311513405002,3.288859611413398,3.5573167269912798,1.1184763594153866,4.2899202704373565,3.249725622384203,1.3300001215086963,3.8263921902674816,2.6101415290889864,0.45970942919488444,3.2561100792522346,3.4223418714013714,0.6056537286548966,4.268447152252394,3.122320199789081,0.8666296470110745,3.799907348933062
l07_b0002,0.7,0.002,606,13,elastic_transform,6000,2225,0.37083333333333335,3.758358955383301,2.6019318103790283,1.712807297706604,1.7317724227905273,2.0872511821947706,0.8160579309171089,2.8364975355968336,2.674136241110745,0.9210772577477915,3.7073961717021553,2.8083920188508644,1.1143914212158983,3.8068427022251146,1.9246165008903002,0.4161918511535643,2.813687983185461,2.5193565717499657,0.5349380870122209,3.688980711760954,2.657066010860367,0.7615534480888152,3.774288647195917
l07_b0002,0.7,0.002,606,14,pixelate,6000,997,0.16616666666666666,3.286755323410034,4.208537578582764,2.159956932067871,2.112759590148926,2.841533637162579,1.019610252208933,3.2046073159150845,3.8452897209923824,1.1772076448456148,4.376986269047216,3.6552852636145605,1.469827004109568,4.090804329120549,2.724314137849565,0.3936172300101735,3.188776423901111,3.731338893277936,0.5781363006017632,4.359710467313144,3.5533684084702557,0.955024989425912,4.0711674068286845
l07_b0002,0.7,0.002,606,15,jpeg_compression,6000,2108,0.35133333333333333,4.1684041023254395,2.8568179607391357,1.8455342054367065,1.8380786180496216,2.2115140789785945,0.7784504017251682,2.9876955362371307,2.8154782105295677,0.8899658462958421,3.8583816184958297,2.87378155190652,1.0787130417911752,3.8460334582074296,2.0613584529535736,0.42679610354820674,2.946676395540037,2.6733661929854837,0.5497438147624883,3.8235707082203416,2.7408809665565883,0.7624902315603389,3.812424560948186
